area	jakarta_test	javax_test	status	note
provider-discovery	serviceLoaderProvidesStandardJaxbApiWithoutSimdxmlCalls	serviceLoaderBindsLegacyJavaxAnnotatedBeans	covered	standard JAXBContext discovery
typed-source	typedSourcePreservesExpandedRootName	legacyTypedSourcePreservesExpandedRootName	covered	standard JAXBElement root name
cold-schema	delegatesColdPathSchemaGenerationToReferenceImplementation	delegatesColdPathSchemaGenerationToReferenceImplementation	covered	standard generateSchema delegated cold path
jaxb-element	marshalsJaxbElementOnNativeHotPath	marshalsJaxbElementOnNativeHotPath	covered	standard JAXBElement marshal/unmarshal
result-apis	supportsDomAndStaxOutputApisWithoutJaxbFallback	supportsDomAndStaxOutputApisWithoutJaxbFallback	covered	DOMResult and StAX results
sax	supportsSaxUnmarshallerHotPath	supportsSaxUnmarshallerHotPath	covered	UnmarshallerHandler
schema-validation	validatesMarshalWhenSchemaIsConfigured	validatesMarshalWhenSchemaIsConfigured	covered	Schema property
xml-adapter	appliesPrecompiledXmlAdapterInBothDirections	appliesPrecompiledXmlAdapterInBothDirections	covered	XmlJavaTypeAdapter
stax-input	bindsDirectlyFromBothStaxReaderApis	bindsDirectlyFromBothStaxReaderApis	covered	XMLStreamReader and XMLEventReader
standard-scalars	roundTripsStandardXmlScalarTypes	roundTripsStandardXmlScalarTypes	covered	QName calendar duration binary URI URL enum
element-wrapper	roundTripsWrappedCollections	roundTripsWrappedCollections	covered	XmlElementWrapper collection
nil-default	handlesNilAndDefaultsOnStreamAndSaxPaths	handlesNilAndDefaultsOnStreamAndSaxPaths	covered	xsi:nil and defaultValue
virtual-threads	standardTypeCodecsAreSafeForPlatformAndVirtualThreads	-	jakarta-only	virtual threads unavailable on Java 8
xjc-generated-models	-	-	excluded	XJC/tooling is not runtime provider-neutral
ri-internals	-	-	excluded	com.sun.xml.bind and org.glassfish.jaxb implementation contracts
vendor-properties	-	-	excluded	RI namespace prefix and implementation properties
tck-signatures	-	-	excluded	covered only by the separately licensed Jakarta TCK
